filename,width,height,class,xmin,ymin,xmax,ymax
0043(1).jpeg,270,186,dog,54,67,92,174
0043.jpeg,282,179,dog,161,119,246,154
0043.jpeg,282,179,leash,123,96,213,126
0044.jpeg,100,100,dog,57,59,87,83
0044.jpeg,100,100,dog,1,63,26,95
0045.jpeg,100,100,dog,25,39,100,100
0045.jpeg,100,100,dog,1,27,49,100
0046(1).jpeg,100,100,dog,20,38,51,64
0046.jpeg,500,486,dog,112,273,162,445
0046.jpeg,500,486,leash,155,194,366,335
0047(1).jpeg,100,100,dog,1,57,14,88
0047(1).jpeg,100,100,dog,20,57,36,85
0047(1).jpeg,100,100,dog,61,58,72,79
0047(1).jpeg,100,100,dog,73,57,87,85
0047(1).jpeg,100,100,leash,33,37,62,68
0047(1).jpeg,100,100,leash,8,37,30,61
0047.jpeg,337,149,dog,56,1,239,117
0047.jpeg,337,149,leash,107,71,278,139
0048(1).jpeg,100,100,dog,27,16,77,84
0048(1).jpeg,100,100,dog,1,20,29,87
0048.jpeg,900,600,dog,400,156,744,600
0048.jpeg,900,600,leash,498,279,785,539
0049(1).jpeg,318,159,dog,143,71,195,142
0049(1).jpeg,318,159,dog,1,80,36,98
0049(1).jpeg,318,159,dog,1,76,23,87
0049(1).jpeg,318,159,dog,111,67,131,95
0049(1).jpeg,318,159,dog,138,60,164,96
0049(1).jpeg,318,159,dog,170,89,197,109
0049(1).jpeg,318,159,dog,228,67,286,109
0049(1).jpeg,318,159,dog,251,59,277,81
0049(1).jpeg,318,159,dog,283,66,318,100
0049(1).jpeg,318,159,leash,304,56,309,100
0049.jpeg,275,183,dog,49,25,171,164
0049.jpeg,275,183,leash,1,1,94,72
0050(1).jpeg,299,169,dog,195,84,288,161
0050(1).jpeg,299,169,dog,9,115,55,139
0050.jpeg,550,550,dog,129,335,372,548
0050.jpeg,550,550,dog,314,278,491,550
0050.jpeg,550,550,leash,59,17,330,347
0051.jpeg,318,159,dog,1,104,64,149
0051.jpeg,318,159,dog,192,67,258,124
0051.jpeg,318,159,dog,176,65,241,110
0052(1).jpeg,314,161,dog,22,83,46,120
0052(1).jpeg,314,161,dog,176,103,229,132
0052(1).jpeg,314,161,dog,181,61,210,115
0052(1).jpeg,314,161,dog,71,48,197,148
0052(1).jpeg,314,161,dog,274,45,314,126
0052(1).jpeg,314,161,dog,51,94,84,133
0052.jpeg,100,100,dog,1,39,35,83
0052.jpeg,100,100,dog,48,37,100,82
0052.jpeg,100,100,leash,84,29,100,44
0053(1).jpeg,346,146,dog,104,100,123,112
0053(1).jpeg,346,146,dog,123,95,139,109
0053(1).jpeg,346,146,dog,161,97,184,110
0053.jpeg,1200,675,dog,517,249,647,518
0053.jpeg,1200,675,leash,567,1,609,313
0054(1).jpeg,300,168,dog,62,109,109,158
0054(1).jpeg,300,168,dog,164,101,211,139
0054(1).jpeg,300,168,dog,242,96,284,126
0054(1).jpeg,300,168,dog,1,68,45,101
0054(1).jpeg,300,168,dog,199,66,209,88
0054(1).jpeg,300,168,dog,1,119,38,141
0054.jpeg,100,100,dog,1,8,76,99
0054.jpeg,100,100,leash,53,60,100,88
0055(1).jpeg,222,227,dog,102,56,197,200
0055(1).jpeg,222,227,leash,41,119,80,150
0055.jpeg,649,339,dog,386,103,570,331
0055.jpeg,649,339,dog,76,107,215,297
0055.jpeg,649,339,leash,140,25,170,110
0055.jpeg,649,339,leash,344,22,452,142
0056(1).jpeg,376,134,dog,147,47,281,111
0056(1).jpeg,376,134,dog,221,24,361,100
0056.jpeg,225,225,dog,1,112,122,225
0056.jpeg,225,225,leash,99,43,182,137
0057(1).jpeg,261,193,dog,73,20,178,156
0057.jpeg,1052,682,dog,57,58,918,682
0057.jpeg,1052,682,leash,85,211,294,682
0058(1).jpeg,275,183,dog,110,123,159,158
0058(1).jpeg,275,183,dog,55,128,103,166
0058(1).jpeg,275,183,dog,119,100,147,126
0058(1).jpeg,275,183,leash,69,75,86,133
0058(1).jpeg,275,183,leash,95,77,137,130
0058(1).jpeg,275,183,leash,109,79,134,107
0058.jpeg,225,225,leash,82,89,225,116
0058.jpeg,225,225,dog,35,46,171,218
0059(1).jpeg,275,183,dog,138,103,162,149
0059.jpeg,1600,1157,dog,561,472,1035,880
0059.jpeg,1600,1157,leash,591,491,860,603
0060.jpeg,364,139,dog,158,41,220,126
0060.jpeg,364,139,leash,188,1,222,70
0061(1).jpeg,776,600,dog,320,441,768,557
0061(1).jpeg,776,600,dog,469,105,607,158
0061(1).jpeg,776,600,dog,1,191,444,472
0061(1).jpeg,776,600,dog,1,159,149,392
0061(1).jpeg,776,600,dog,24,147,211,286
0061.jpeg,600,403,dog,326,114,600,403
0061.jpeg,600,403,dog,121,12,323,239
0061.jpeg,600,403,leash,1,1,482,250
0061.jpeg,600,403,leash,32,1,271,118
0062.jpeg,1000,750,dog,512,529,592,603
0062.jpeg,1000,750,dog,743,462,786,519
0062.jpeg,1000,750,dog,866,461,1000,594
0062.jpeg,1000,750,dog,673,437,721,494
0062.jpeg,1000,750,dog,886,382,913,421
0062.jpeg,1000,750,dog,956,375,1000,415
0062.jpeg,1000,750,dog,151,403,192,417
0063(1).jpeg,361,500,dog,207,375,306,478
0063(1).jpeg,361,500,dog,238,234,279,332
0063(1).jpeg,361,500,dog,94,232,124,298
0063(1).jpeg,361,500,dog,56,177,100,255
0063(1).jpeg,361,500,dog,260,98,301,159
0063(1).jpeg,361,500,leash,236,177,241,276
0063(1).jpeg,361,500,leash,103,204,141,237
0063.jpeg,768,1024,dog,147,462,275,719
0063.jpeg,768,1024,dog,320,343,648,746
0063.jpeg,768,1024,leash,141,534,519,690
0064(1).jpeg,825,550,dog,166,110,512,507
0064(1).jpeg,825,550,leash,1,105,371,481
0064.jpeg,299,168,dog,17,69,177,146
0064.jpeg,299,168,dog,42,48,176,97
0064.jpeg,299,168,leash,4,1,112,80
0064.jpeg,299,168,leash,17,1,99,60
0065(1).jpeg,1024,471,dog,486,287,647,388
0065(1).jpeg,1024,471,dog,863,260,939,303
0065(1).jpeg,1024,471,dog,893,199,913,214
0065(1).jpeg,1024,471,dog,770,202,807,224
0065(1).jpeg,1024,471,dog,411,311,442,333
0065(1).jpeg,1024,471,dog,581,243,591,256
0065(1).jpeg,1024,471,dog,353,202,365,215
0065(1).jpeg,1024,471,dog,855,172,870,182
0065(1).jpeg,1024,471,dog,979,195,1001,211
0065(1).jpeg,1024,471,dog,83,221,99,230
0065.jpeg,1000,667,dog,176,94,618,600
0065.jpeg,1000,667,leash,18,1,344,259
0066(1).jpeg,940,624,dog,361,317,428,401
0066(1).jpeg,940,624,dog,341,305,387,370
0066(1).jpeg,940,624,dog,257,256,293,321
0066(1).jpeg,940,624,dog,105,280,168,368
0066(1).jpeg,940,624,dog,32,301,68,332
0066(1).jpeg,940,624,dog,718,244,778,296
0066(1).jpeg,940,624,dog,601,234,622,286
0066(1).jpeg,940,624,dog,852,246,902,297
0066(1).jpeg,940,624,leash,27,288,39,305
0066(1).jpeg,940,624,leash,105,279,133,295
0066(1).jpeg,940,624,leash,240,265,252,323
0066(1).jpeg,940,624,leash,872,233,880,258
0066.jpeg,259,194,dog,94,3,259,194
0066.jpeg,259,194,leash,1,137,154,188
0067(1).jpeg,1124,813,dog,768,243,1059,625
0067(1).jpeg,1124,813,dog,312,141,663,718
0067(1).jpeg,1124,813,dog,235,239,398,594
0067.jpeg,900,490,dog,11,12,433,473
0067.jpeg,900,490,dog,456,10,891,463
0067.jpeg,900,490,leash,558,11,774,334
0068(1).jpeg,600,225,dog,267,108,341,211
0068.jpeg,275,183,dog,55,35,275,183
0068.jpeg,275,183,leash,178,1,235,123
0069(1).jpeg,1200,800,dog,390,376,605,617
0069.jpeg,759,422,dog,243,131,528,422
0069.jpeg,759,422,leash,187,46,391,203
0070(1).jpeg,660,330,dog,1,214,138,310
0070(1).jpeg,660,330,dog,402,138,533,254
0070(1).jpeg,660,330,dog,367,136,488,230
0070.jpeg,100,100,dog,1,6,86,96
0071(1).jpeg,1920,500,dog,33,247,446,446
0071(1).jpeg,1920,500,dog,576,297,744,420
0071(1).jpeg,1920,500,dog,730,298,770,350
0071(1).jpeg,1920,500,dog,843,266,951,377
0071(1).jpeg,1920,500,dog,1369,302,1497,359
0071(1).jpeg,1920,500,dog,1847,280,1920,347
0071(1).jpeg,1920,500,dog,1839,270,1863,318
0071(1).jpeg,1920,500,dog,1033,274,1133,395
0071(1).jpeg,1920,500,dog,1130,266,1245,382
0071(1).jpeg,1920,500,dog,1298,284,1364,338
0071(1).jpeg,1920,500,dog,1210,251,1342,372
0071(1).jpeg,1920,500,leash,763,256,843,303
0071(1).jpeg,1920,500,leash,1011,269,1030,323
0071(1).jpeg,1920,500,leash,290,236,349,265
0071.jpeg,400,400,dog,234,226,397,325
0071.jpeg,400,400,leash,156,191,333,274
0072(1).jpeg,600,367,dog,208,190,270,246
0072(1).jpeg,600,367,dog,70,213,169,275
0072.jpeg,275,183,dog,112,60,203,151
0072.jpeg,275,183,leash,39,1,138,105
0073(1).jpeg,1305,1333,dog,600,325,1150,1170
0073(1).jpeg,1305,1333,leash,251,699,473,876
0073.jpeg,1000,667,dog,315,48,779,646
0073.jpeg,1000,667,leash,354,1,505,293
0074.jpeg,1280,1920,dog,559,643,863,1212
0075(1).jpeg,800,533,dog,39,317,212,489
0075(1).jpeg,800,533,dog,237,254,320,334
0075(1).jpeg,800,533,dog,380,235,430,326
0075(1).jpeg,800,533,dog,495,251,616,329
0075(1).jpeg,800,533,dog,639,277,762,407
0075.jpeg,100,100,dog,1,30,36,76
0075.jpeg,100,100,leash,17,52,53,91
0076(1).jpeg,1400,500,dog,825,90,1341,374
0076(1).jpeg,1400,500,dog,552,178,1060,404
0076.jpeg,1280,568,dog,212,1,906,452
0076.jpeg,1280,568,leash,407,272,1055,531
0077.jpeg,800,570,dog,265,183,619,495
0078(1).jpeg,1920,1278,dog,151,398,973,1257
0078(1).jpeg,1920,1278,dog,934,62,1593,1095
0078(1).jpeg,1920,1278,leash,1303,165,1920,377
0078(1).jpeg,1920,1278,leash,1,1,536,630
0078.jpeg,335,285,dog,33,1,316,283
0078.jpeg,335,285,leash,54,6,335,169
0079(1).jpeg,768,513,dog,192,57,447,441
0079.jpeg,276,183,dog,75,37,178,183
0079.jpeg,276,183,leash,90,93,200,177
0080(1).jpeg,600,400,dog,273,213,367,344
0080(1).jpeg,600,400,dog,483,162,586,259
0080(1).jpeg,600,400,dog,486,136,557,192
0080.jpeg,640,359,dog,492,83,594,219
0080.jpeg,640,359,dog,301,82,418,237
0080.jpeg,640,359,leash,251,105,364,120
0080.jpeg,640,359,leash,354,50,500,119
0081(1).jpeg,990,617,dog,27,164,408,438
0081(1).jpeg,990,617,dog,810,155,958,480
0081(1).jpeg,990,617,dog,464,86,671,480
0081.jpeg,225,225,dog,88,139,170,222
0081.jpeg,225,225,leash,66,101,90,167
0082.jpeg,180,263,dog,63,183,134,255
0082.jpeg,180,263,dog,8,158,43,191
0082.jpeg,180,263,dog,33,138,86,172
0082.jpeg,180,263,dog,29,122,65,142
0082.jpeg,180,263,dog,64,110,89,128
0082.jpeg,180,263,dog,81,115,105,135
0082.jpeg,180,263,dog,121,115,146,131
0082.jpeg,180,263,dog,141,107,163,124
0082.jpeg,180,263,dog,163,99,180,113
0082.jpeg,180,263,dog,8,106,18,116
0083(1).jpeg,2048,1365,dog,799,228,1261,1158
0083.jpeg,225,225,dog,17,111,83,209
0083.jpeg,225,225,leash,69,52,156,143
0084(1).jpeg,591,175,dog,36,129,79,175
0084(1).jpeg,591,175,dog,257,99,287,155
0084(1).jpeg,591,175,dog,204,75,254,174
0084(1).jpeg,591,175,dog,159,106,211,170
0084(1).jpeg,591,175,dog,366,90,411,139
0084(1).jpeg,591,175,dog,373,69,410,100
0084.jpeg,1092,614,dog,84,367,265,563
0084.jpeg,1092,614,dog,665,259,950,504
0085.jpeg,745,470,dog,426,284,530,449
0085.jpeg,745,470,leash,310,273,431,345
0086(1).jpeg,2800,1867,dog,319,347,1289,1672
0086(1).jpeg,2800,1867,leash,1177,100,1706,658
0086.jpeg,767,450,dog,144,312,251,373
0086.jpeg,767,450,dog,364,259,440,375
0086.jpeg,767,450,leash,189,288,308,341
0086.jpeg,767,450,leash,432,256,478,285
0087(1).jpeg,750,500,dog,163,350,281,453
0087(1).jpeg,750,500,dog,303,337,436,431
0087(1).jpeg,750,500,dog,331,273,400,344
0087(1).jpeg,750,500,dog,332,194,362,241
0087(1).jpeg,750,500,leash,176,203,235,364
0087(1).jpeg,750,500,leash,237,208,378,356
0087(1).jpeg,750,500,leash,294,161,353,273
0087(1).jpeg,750,500,dog,696,212,750,354
0087.jpeg,100,100,dog,1,9,100,100
0087.jpeg,100,100,leash,30,1,56,30
0088(1).jpeg,335,285,dog,205,100,279,263
0088(1).jpeg,335,285,dog,178,76,254,234
0088.jpeg,615,409,dog,1,223,172,353
0088.jpeg,615,409,dog,171,227,300,305
0088.jpeg,615,409,dog,266,198,415,301
0088.jpeg,615,409,dog,419,247,514,384
0089(1).jpeg,2560,1920,dog,970,1370,1314,1796
0089.jpeg,262,192,dog,77,42,198,146
0089.jpeg,262,192,leash,11,88,244,146
0090.jpeg,570,241,dog,172,166,204,183
0090.jpeg,570,241,dog,207,157,229,178
0090.jpeg,570,241,dog,265,159,302,184
0090.jpeg,570,241,dog,385,168,404,184
0091(1).jpeg,275,183,dog,164,65,267,133
0091(1).jpeg,275,183,dog,39,106,90,155
0091(1).jpeg,275,183,dog,15,84,135,140
0091(1).jpeg,275,183,dog,104,66,137,127
0091.jpeg,275,183,dog,78,64,187,183
0092(1).jpeg,275,183,dog,190,79,239,112
0092(1).jpeg,275,183,dog,12,50,61,92
0092(1).jpeg,275,183,dog,107,54,145,112
0092(1).jpeg,275,183,dog,144,44,167,80
0092(1).jpeg,275,183,dog,208,26,250,86
0092(1).jpeg,275,183,dog,38,39,46,46
0092(1).jpeg,275,183,dog,92,39,122,85
0092.jpeg,975,649,dog,144,421,303,594
0092.jpeg,975,649,dog,581,372,791,524
0092.jpeg,975,649,leash,446,297,709,403
0092.jpeg,975,649,leash,248,383,375,442
0093.jpeg,275,183,dog,136,50,262,146
0093.jpeg,275,183,dog,55,80,118,146
0093.jpeg,275,183,dog,36,44,116,130
0094.jpeg,301,167,dog,7,98,53,133
0094.jpeg,301,167,dog,241,119,289,147
0094.jpeg,301,167,dog,110,81,140,102
0094.jpeg,301,167,dog,77,79,101,93
0094.jpeg,301,167,dog,196,75,217,96
0094.jpeg,301,167,dog,266,78,280,95
0094.jpeg,301,167,dog,233,80,260,98
0095(1).jpeg,259,194,dog,143,51,256,170
0095(1).jpeg,259,194,dog,1,59,131,157
0095.jpeg,275,183,dog,122,62,251,183
0095.jpeg,275,183,dog,44,50,114,180
0095.jpeg,275,183,leash,17,29,69,92
0095.jpeg,275,183,leash,56,34,174,106
0096(1).jpeg,275,183,dog,26,64,275,170
0096(1).jpeg,275,183,dog,81,1,210,175
0096.jpeg,850,445,dog,176,1,850,445
0096.jpeg,850,445,leash,311,80,484,445
0097(1).jpeg,275,183,dog,69,19,161,158
0097.jpeg,2560,1440,dog,317,35,1301,1440
0097.jpeg,2560,1440,leash,942,160,2560,550
0098(1).jpeg,275,183,dog,43,60,129,145
0098(1).jpeg,275,183,dog,12,21,62,90
0098.jpeg,198,122,dog,4,1,190,122
0098.jpeg,198,122,leash,99,18,198,46
0099(1).jpeg,331,152,dog,158,93,209,124
0099(1).jpeg,331,152,dog,279,84,303,97
0099.jpeg,807,605,dog,154,329,363,559
0099.jpeg,807,605,leash,286,377,550,605
0100(1).jpeg,287,175,dog,100,90,128,118
0100(1).jpeg,287,175,dog,34,101,80,128
0100.jpeg,310,162,dog,56,22,195,159
0100.jpeg,310,162,leash,158,1,173,16
0101(1).jpeg,389,129,dog,180,1,296,129
0101(1).jpeg,389,129,leash,199,1,243,56
0101.jpeg,736,736,dog,468,191,668,679
0101.jpeg,736,736,leash,409,139,502,447
0102(1).jpeg,100,100,dog,50,72,74,94
0102(1).jpeg,100,100,dog,14,75,25,96
0102(1).jpeg,100,100,dog,30,59,53,88
0102(1).jpeg,100,100,dog,17,36,26,54
0102(1).jpeg,100,100,dog,91,47,100,70
0102.jpeg,224,224,dog,8,42,147,224
0102.jpeg,224,224,leash,96,116,224,172
0103(1).jpeg,440,114,dog,14,56,102,103
0103(1).jpeg,440,114,dog,132,67,164,97
0103(1).jpeg,440,114,dog,237,63,259,91
0103(1).jpeg,440,114,dog,193,61,216,87
0103(1).jpeg,440,114,dog,165,68,176,80
0103(1).jpeg,440,114,dog,259,61,286,85
0103(1).jpeg,440,114,dog,277,58,306,82
0103.jpeg,432,500,dog,229,10,344,163
0103.jpeg,432,500,dog,1,196,52,406
0103.jpeg,432,500,dog,181,142,410,473
0103.jpeg,432,500,dog,101,237,279,380
0104(1).jpeg,100,100,dog,5,69,30,91
0104(1).jpeg,100,100,dog,35,67,62,86
0104(1).jpeg,100,100,dog,40,55,55,69
0104(1).jpeg,100,100,leash,13,41,22,71
0104(1).jpeg,100,100,leash,26,41,49,72
0104.jpeg,225,119,dog,39,39,140,112
0104.jpeg,225,119,leash,16,1,102,58
0105(1).jpeg,100,100,dog,35,78,71,100
0105(1).jpeg,100,100,dog,4,64,24,82
0105(1).jpeg,100,100,dog,23,53,48,72
0105(1).jpeg,100,100,dog,79,36,91,45
0105(1).jpeg,100,100,dog,36,38,49,47
0105.jpeg,661,401,dog,370,58,538,329
0105.jpeg,661,401,dog,70,151,371,355
0105.jpeg,661,401,dog,178,121,368,211
0106(1).jpeg,100,100,dog,35,16,65,84
0106.jpeg,212,237,dog,5,24,202,229
0106.jpeg,212,237,leash,14,1,108,66
0107(1).jpeg,100,100,dog,50,55,63,82
0107.jpeg,1024,684,dog,455,393,851,684
0107.jpeg,1024,684,leash,552,368,638,456
0108.jpeg,100,100,dog,1,30,50,77
0108.jpeg,100,100,dog,57,24,100,89
0109(1).jpeg,275,183,dog,108,32,169,155
0109.jpeg,1600,900,dog,515,198,1084,784
0109.jpeg,1600,900,leash,781,1,982,317
0110(1).jpeg,367,137,dog,162,67,208,125
0110.jpeg,259,194,dog,31,125,86,190
0110.jpeg,259,194,leash,59,100,165,144
0111(1).jpeg,100,100,dog,1,66,21,82
0111.jpeg,1400,800,dog,470,159,858,719
0111.jpeg,1400,800,leash,800,1,911,169
0112(1).jpeg,800,593,dog,227,64,544,479
0112.jpeg,194,259,dog,81,87,164,189
0112.jpeg,194,259,dog,37,117,69,180
0112.jpeg,194,259,leash,36,135,131,175
0113(1).jpeg,1024,706,dog,203,255,349,657
0113.jpeg,1536,1536,dog,437,631,884,1116
0114(1).jpeg,1024,683,dog,494,342,533,452
0114.jpeg,225,225,dog,22,78,148,225
0114.jpeg,225,225,leash,85,1,214,118
0115(1).jpeg,500,320,dog,78,251,136,301
0115(1).jpeg,500,320,dog,256,208,313,289
0115(1).jpeg,500,320,leash,113,242,169,269
0115(1).jpeg,500,320,leash,283,176,330,233
0115.jpeg,202,317,dog,102,217,145,301
0115.jpeg,202,317,leash,98,177,111,218
0116.jpeg,264,191,dog,29,40,166,169
0116.jpeg,264,191,leash,113,1,208,158
0117.jpeg,2048,1365,dog,803,228,1261,1159
0118.jpeg,296,170,dog,86,4,185,161
0118.jpeg,296,170,leash,58,52,207,170
0119.jpeg,809,500,dog,1,1,655,499
0119.jpeg,809,500,leash,1,265,261,322
0121.jpeg,276,182,dog,121,66,219,161
0121.jpeg,276,182,leash,171,65,276,105
0122.jpeg,1200,627,dog,363,118,847,459
0123.jpeg,225,225,dog,164,140,193,203
0123.jpeg,225,225,leash,96,89,173,166
0124.jpeg,591,175,dog,35,128,80,175
0124.jpeg,591,175,dog,257,98,285,154
0124.jpeg,591,175,dog,204,75,252,173
0124.jpeg,591,175,dog,159,105,212,170
0124.jpeg,591,175,dog,366,91,410,139
0124.jpeg,591,175,dog,373,69,410,110
0125.jpeg,275,183,dog,66,31,168,175
0125.jpeg,275,183,leash,116,1,221,45
0127.jpeg,297,170,dog,67,62,123,147
0127.jpeg,297,170,leash,99,1,188,84
0129.jpeg,226,223,leash,1,60,59,65
0129.jpeg,226,223,leash,162,44,223,64
0129.jpeg,226,223,leash,25,147,90,186
0129.jpeg,226,223,leash,135,145,199,192
0131.jpeg,275,183,leash,117,52,243,157
0131.jpeg,275,183,dog,58,36,188,150
0133.jpeg,379,133,dog,91,7,250,133
0133.jpeg,379,133,leash,1,63,137,98
0134.jpeg,691,347,leash,297,156,312,226
0134.jpeg,691,347,leash,279,155,299,217
0134.jpeg,691,347,dog,265,216,297,304
0134.jpeg,691,347,dog,309,216,371,307
0135.jpeg,100,100,dog,1,38,49,78
0135.jpeg,100,100,leash,40,13,80,64
0136.jpeg,1300,956,leash,1049,263,1070,337
0136.jpeg,1300,956,leash,977,263,1067,353
0136.jpeg,1300,956,dog,879,301,1011,482
0136.jpeg,1300,956,dog,1027,333,1216,612
0137.jpeg,100,100,dog,1,26,62,88
0137.jpeg,100,100,leash,1,55,48,76
0138.jpeg,750,500,dog,1,54,179,267
0138.jpeg,750,500,dog,276,164,680,500
0138.jpeg,750,500,dog,271,1,558,179
0140.jpeg,335,285,dog,203,100,279,260
0140.jpeg,335,285,dog,178,76,255,232
0141.jpeg,294,171,dog,84,81,199,148
0141.jpeg,294,171,leash,55,50,137,134
0142.jpeg,2560,1438,leash,830,595,1840,1379
0142.jpeg,2560,1438,dog,698,75,1645,1437
0143.jpeg,700,400,dog,361,49,478,330
0143.jpeg,700,400,leash,329,83,409,225
0144.jpeg,282,179,leash,1,81,147,171
0144.jpeg,282,179,dog,101,10,237,179
0145.jpeg,1920,1124,dog,758,634,895,848
0145.jpeg,1920,1124,leash,811,489,1035,654
0146.jpeg,100,100,leash,1,14,52,42
0146.jpeg,100,100,dog,13,23,78,85
0148.jpeg,208,243,dog,24,71,188,202
0148.jpeg,208,243,leash,90,43,126,107
0149.jpeg,720,450,leash,178,1,302,162
0149.jpeg,720,450,dog,214,150,400,450
0150.jpeg,243,208,dog,2,21,237,204
0150.jpeg,243,208,leash,76,1,129,62
0150.jpeg,243,208,leash,197,156,242,188
0151.jpeg,1200,1200,leash,396,635,597,931
0151.jpeg,1200,1200,dog,280,899,736,1200
0153.jpeg,800,533,leash,1,82,284,198
0153.jpeg,800,533,leash,1,84,165,278
0153.jpeg,800,533,dog,17,80,484,516
0155.jpeg,480,640,dog,56,54,423,581
0155.jpeg,480,640,leash,303,1,441,152
0157.jpeg,960,637,leash,1,175,218,338
0157.jpeg,960,637,dog,1,225,556,637
0160.jpeg,126,221,dog,7,21,126,218
0160.jpeg,126,221,leash,79,2,126,107
0164.jpeg,100,100,leash,40,1,100,24
0164.jpeg,100,100,dog,3,6,80,100
0165.jpeg,640,464,dog,259,28,427,455
0165.jpeg,640,464,leash,330,227,471,464
0166.jpeg,1000,1250,leash,346,471,914,983
0166.jpeg,1000,1250,leash,487,428,911,621
0166.jpeg,1000,1250,dog,1,510,478,1132
0166.jpeg,1000,1250,dog,358,280,687,1114
0167.jpeg,225,225,leash,95,19,193,148
0167.jpeg,225,225,dog,1,91,117,187
0168.jpeg,2400,1600,dog,1273,1109,1417,1385
0168.jpeg,2400,1600,dog,1583,1208,1685,1379
0168.jpeg,2400,1600,leash,1393,941,1770,1144
0168.jpeg,2400,1600,leash,1643,944,1771,1219
0169.jpeg,225,225,leash,30,22,125,162
0169.jpeg,225,225,leash,30,25,187,103
0169.jpeg,225,225,dog,88,150,155,225
0169.jpeg,225,225,dog,104,87,223,145
0170.jpeg,2000,1335,dog,1054,868,1241,1016
0171.jpeg,225,225,dog,52,11,210,185
0171.jpeg,225,225,leash,18,41,191,216
0174.jpeg,816,612,leash,249,403,338,612
0174.jpeg,816,612,dog,321,320,406,490
0178.jpeg,580,386,dog,160,281,309,376
0178.jpeg,580,386,dog,494,215,576,292
0178.jpeg,580,386,dog,495,211,536,246
0178.jpeg,580,386,dog,423,224,447,283
0178.jpeg,580,386,dog,390,230,426,269
0178.jpeg,580,386,dog,370,185,415,246
0178.jpeg,580,386,dog,334,209,369,262
0178.jpeg,580,386,dog,310,223,334,253
0178.jpeg,580,386,dog,292,213,326,243
0178.jpeg,580,386,dog,470,215,496,249
0179.jpeg,225,225,dog,1,129,65,225
0179.jpeg,225,225,leash,50,67,204,191
0180.jpeg,1024,602,dog,657,158,951,432
0180.jpeg,1024,602,dog,475,336,649,438
0181.jpeg,100,100,leash,37,59,54,100
0181.jpeg,100,100,dog,1,1,100,100
0184.jpeg,1600,1155,dog,580,150,928,818
0185.jpeg,286,176,dog,48,104,110,161
0185.jpeg,286,176,leash,78,88,190,117
0186.jpeg,339,450,dog,162,238,185,305
0187.jpeg,100,100,dog,8,31,26,72
0187.jpeg,100,100,dog,22,36,33,65
0187.jpeg,100,100,dog,75,38,90,63
0187.jpeg,100,100,leash,56,14,85,38
0188.jpeg,800,520,dog,313,68,531,510
0188.jpeg,800,520,dog,232,103,419,520
0189.jpeg,620,516,leash,205,96,378,183
0189.jpeg,620,516,dog,72,120,334,438
0190.jpeg,224,225,dog,1,7,224,225
0190.jpeg,224,225,leash,7,1,98,90
0191.jpeg,2048,1536,leash,1086,571,1229,812
0191.jpeg,2048,1536,leash,726,527,928,787
0191.jpeg,2048,1536,dog,537,779,861,1109
0191.jpeg,2048,1536,dog,1131,757,1296,1092
0192.jpeg,300,168,dog,73,1,225,168
0192.jpeg,300,168,leash,89,66,155,106
0193.jpeg,1300,957,leash,962,475,982,547
0193.jpeg,1300,957,leash,1069,468,1106,625
0193.jpeg,1300,957,leash,253,492,462,591
0193.jpeg,1300,957,dog,397,530,590,802
0193.jpeg,1300,957,dog,368,557,613,668
0193.jpeg,1300,957,dog,755,542,982,712
0193.jpeg,1300,957,dog,944,531,1009,678
0194.jpeg,100,100,dog,27,42,72,89
0194.jpeg,100,100,leash,65,25,84,79
0195.jpeg,1200,675,dog,560,379,658,577
0196.jpeg,300,168,dog,130,62,161,118
0196.jpeg,300,168,leash,142,1,151,69
0198.jpeg,217,232,leash,62,108,124,232
0198.jpeg,217,232,dog,44,1,215,232
0200.jpeg,226,223,leash,182,52,226,84
0200.jpeg,226,223,dog,143,42,206,123
0200.jpeg,226,223,leash,41,164,111,205
0200.jpeg,226,223,leash,160,176,226,206
0200.jpeg,226,223,leash,1,76,55,100
0201.jpeg,275,183,dog,78,75,187,140
0201.jpeg,275,183,leash,53,49,128,126
0203.jpeg,379,133,leash,116,1,132,70
0203.jpeg,379,133,dog,115,69,152,118
0204.jpeg,2400,1350,dog,717,106,1806,1350
0205.jpeg,183,275,dog,96,153,154,262
0205.jpeg,183,275,dog,33,125,101,225
0205.jpeg,183,275,leash,113,183,183,222
0205.jpeg,183,275,leash,99,107,183,162
0206.jpeg,1280,853,leash,30,17,749,411
0206.jpeg,1280,853,leash,1,11,1019,480
0206.jpeg,1280,853,dog,709,369,897,665
0206.jpeg,1280,853,dog,965,389,1193,695
0207.jpeg,300,168,dog,25,2,300,168
0207.jpeg,300,168,leash,160,1,230,75
0209.jpeg,100,100,leash,30,1,48,32
0209.jpeg,100,100,dog,38,22,79,96
0210.jpeg,590,720,dog,274,335,527,720
0210.jpeg,590,720,leash,409,51,533,554
0210.jpeg,590,720,leash,357,60,472,361
0212.jpeg,225,225,leash,1,21,131,177
0214.jpeg,201,251,leash,70,94,183,198
0214.jpeg,201,251,leash,97,86,175,126
0214.jpeg,201,251,dog,1,102,96,228
0214.jpeg,201,251,dog,72,55,138,216
0216.jpeg,460,345,leash,64,1,313,104
0216.jpeg,460,345,dog,224,8,452,335
0216.jpeg,460,345,dog,18,191,210,314
0217.jpeg,852,480,leash,497,216,547,270
0217.jpeg,852,480,leash,393,185,429,216
0217.jpeg,852,480,dog,406,213,541,478
0217.jpeg,852,480,dog,533,213,622,474
0219.jpeg,2415,1577,dog,695,97,1697,1577
0220.jpeg,1000,1000,dog,96,348,655,1000
0220.jpeg,1000,1000,leash,368,1,952,524
0221.jpeg,1920,1124,leash,835,498,1103,710
0221.jpeg,1920,1124,leash,580,567,817,715
0221.jpeg,1920,1124,dog,518,710,641,925
0221.jpeg,1920,1124,dog,1052,713,1166,933
0222.jpeg,768,768,dog,1,1,768,768
0223.jpeg,4256,2832,dog,919,1159,1678,2295
0223.jpeg,4256,2832,dog,1983,980,2493,2273
0224.jpeg,299,169,dog,164,41,285,162
0224.jpeg,299,169,leash,1,1,169,65
0225.jpeg,4256,2832,dog,1985,981,2490,2265
0225.jpeg,4256,2832,dog,920,1159,1674,2306
0226.jpeg,100,100,dog,24,12,72,95
0227.jpeg,790,1500,dog,323,558,754,1358
0227.jpeg,790,1500,leash,471,222,759,1019
0228.jpeg,400,272,dog,214,169,245,190
0228.jpeg,400,272,dog,84,176,110,192
0228.jpeg,400,272,dog,115,102,127,111
0232.jpeg,271,186,dog,83,35,228,162
0232.jpeg,271,186,leash,149,3,271,77
0234.jpeg,1068,346,dog,459,12,764,346
0234.jpeg,1068,346,leash,272,1,484,228
0235.jpeg,1200,675,dog,894,516,949,638
0235.jpeg,1200,675,dog,190,557,304,654
0235.jpeg,1200,675,leash,265,443,313,578
0235.jpeg,1200,675,leash,1076,320,1137,482
0237.jpeg,275,183,dog,98,78,182,164
0237.jpeg,275,183,leash,166,48,200,145
0238.jpeg,1024,683,leash,511,94,1024,520
0238.jpeg,1024,683,dog,1,16,554,683
0241.jpeg,1024,338,dog,412,50,618,329
0245.jpeg,600,225,dog,266,110,340,207
0248.jpeg,300,168,dog,224,128,237,159
0248.jpeg,300,168,dog,47,138,74,162
0248.jpeg,300,168,leash,69,111,77,144
0248.jpeg,300,168,leash,269,81,285,121
0249.jpeg,500,331,dog,98,201,162,273
0249.jpeg,500,331,dog,291,221,328,296
0250.jpeg,288,175,dog,161,26,236,143
0250.jpeg,288,175,dog,32,64,161,156
0250.jpeg,288,175,dog,79,52,161,93
0254.jpeg,275,183,dog,6,27,167,177
0254.jpeg,275,183,leash,1,29,95,70
0254.jpeg,275,183,leash,1,28,57,95
0255.jpeg,1300,863,leash,721,401,820,462
0255.jpeg,1300,863,leash,690,393,763,445
0255.jpeg,1300,863,leash,686,389,704,439
0255.jpeg,1300,863,leash,567,392,614,520
0255.jpeg,1300,863,leash,573,430,620,473
0255.jpeg,1300,863,leash,564,411,616,459
0255.jpeg,1300,863,leash,490,475,511,484
0255.jpeg,1300,863,leash,585,394,611,433
0255.jpeg,1300,863,dog,455,456,493,537
0255.jpeg,1300,863,dog,503,423,574,563
0255.jpeg,1300,863,dog,559,422,608,549
0255.jpeg,1300,863,dog,681,437,728,547
0255.jpeg,1300,863,dog,815,437,863,545
0255.jpeg,1300,863,dog,738,413,789,545
0255.jpeg,1300,863,dog,784,433,821,537
0255.jpeg,1300,863,dog,705,419,737,512
0256.jpeg,183,275,dog,15,177,73,255
0256.jpeg,183,275,leash,64,162,163,187
0258.jpeg,275,183,dog,25,49,102,169
0258.jpeg,275,183,dog,79,46,146,147
0259.jpeg,710,399,dog,68,17,337,399
0259.jpeg,710,399,dog,395,114,710,352
0260.jpeg,100,100,dog,75,65,100,95
0260.jpeg,100,100,dog,35,63,62,100
0260.jpeg,100,100,dog,48,86,68,100
0260.jpeg,100,100,dog,71,48,87,82
0260.jpeg,100,100,dog,58,76,71,99
0261.jpeg,900,548,dog,678,288,900,548
0261.jpeg,900,548,leash,485,218,755,449
0262.jpeg,1200,900,leash,144,258,567,706
0262.jpeg,1200,900,dog,286,426,887,781
0263.jpeg,275,183,dog,75,133,147,178
0263.jpeg,275,183,dog,234,102,274,139
0263.jpeg,275,183,dog,200,106,211,134
0263.jpeg,275,183,dog,234,100,253,115
0263.jpeg,275,183,dog,146,106,160,121
0263.jpeg,275,183,dog,138,103,153,116
0263.jpeg,275,183,dog,184,109,201,126
0264.jpeg,850,445,dog,195,10,635,445
0264.jpeg,850,445,leash,534,284,849,336
0265.jpeg,262,192,dog,207,67,245,123
0265.jpeg,262,192,dog,177,60,204,97
0265.jpeg,262,192,leash,201,51,213,67
0266.jpeg,179,281,leash,86,161,100,194
0266.jpeg,179,281,dog,90,192,129,267
0267.jpeg,284,177,dog,84,61,159,177
0267.jpeg,284,177,leash,71,1,120,65
0268.jpeg,259,194,dog,146,117,183,194
0268.jpeg,259,194,dog,34,121,73,163
0269.jpeg,259,194,dog,67,99,109,140
0269.jpeg,259,194,dog,142,96,164,138
0269.jpeg,259,194,leash,134,73,154,99
0269.jpeg,259,194,leash,88,68,115,102
0270.jpeg,100,100,leash,32,61,90,77
0270.jpeg,100,100,dog,9,70,40,100
0271.jpeg,100,100,dog,58,64,78,100
0271.jpeg,100,100,dog,1,61,20,84
0273.jpeg,100,100,dog,70,42,100,80
0275.jpeg,750,498,dog,66,1,532,498
0275.jpeg,750,498,leash,165,1,231,158
0277.jpeg,100,100,dog,34,16,65,85
0279.jpeg,100,100,dog,31,56,45,76
0279.jpeg,100,100,leash,37,42,59,57
0280.jpeg,100,100,leash,80,51,85,57
0280.jpeg,100,100,dog,24,55,44,85
0280.jpeg,100,100,dog,62,61,88,76
0281.jpeg,100,100,dog,2,27,56,85
0281.jpeg,100,100,leash,39,44,59,89
0283.jpeg,1600,1168,leash,956,426,1307,626
0283.jpeg,1600,1168,dog,836,610,1018,966
0284.jpeg,100,100,dog,64,45,85,85
0284.jpeg,100,100,dog,85,53,100,85
0284.jpeg,100,100,dog,21,34,63,83
0284.jpeg,100,100,dog,1,47,21,85
0286.jpeg,262,193,dog,81,107,118,161
0286.jpeg,262,193,dog,154,111,194,144
0286.jpeg,262,193,dog,187,106,204,137
0286.jpeg,262,193,leash,50,109,93,120
0286.jpeg,262,193,leash,194,95,200,108
0287.jpeg,988,359,leash,721,106,760,232
0287.jpeg,988,359,dog,115,200,329,359
0287.jpeg,988,359,dog,443,270,574,359
0287.jpeg,988,359,dog,562,199,709,359
0287.jpeg,988,359,dog,777,240,977,359
0289.jpeg,900,500,dog,262,358,346,469
0289.jpeg,900,500,leash,307,283,367,357
0290.jpeg,100,100,leash,1,32,84,100
0290.jpeg,100,100,dog,14,3,72,95
0291.jpeg,1280,627,dog,202,315,586,619
0291.jpeg,1280,627,leash,382,212,939,394
0294.jpeg,243,207,leash,97,20,243,98
0294.jpeg,243,207,dog,36,62,214,207
0295.jpeg,1280,1135,dog,1036,452,1130,695
0295.jpeg,1280,1135,dog,122,200,680,1135
0295.jpeg,1280,1135,dog,1124,506,1184,611
0296.jpeg,275,183,dog,1,86,88,148
0296.jpeg,275,183,leash,71,62,184,113
0297.jpeg,300,168,dog,77,4,300,168
0299.jpeg,275,183,dog,187,111,227,177
0299.jpeg,275,183,dog,76,102,137,138
0299.jpeg,275,183,dog,120,89,188,136
0299.jpeg,275,183,dog,1,101,75,156
0301.jpeg,800,491,dog,286,278,321,301
0301.jpeg,800,491,dog,262,277,279,302
0301.jpeg,800,491,dog,431,315,476,337
0301.jpeg,800,491,dog,464,325,487,340
0301.jpeg,800,491,dog,432,317,497,333
0301.jpeg,800,491,dog,511,326,566,351
0301.jpeg,800,491,dog,499,345,568,369
0301.jpeg,800,491,dog,503,339,566,376
0301.jpeg,800,491,dog,548,337,641,378
0301.jpeg,800,491,dog,616,389,732,429
0301.jpeg,800,491,dog,564,367,630,415
0301.jpeg,800,491,dog,607,359,658,390
0301.jpeg,800,491,dog,714,415,776,450
0301.jpeg,800,491,dog,395,294,426,303
0301.jpeg,800,491,leash,295,267,316,282
0301.jpeg,800,491,leash,232,264,271,283
0301.jpeg,800,491,leash,435,336,471,348
0301.jpeg,800,491,leash,408,332,465,343
0301.jpeg,800,491,leash,388,348,521,359
0301.jpeg,800,491,leash,480,357,508,365
0301.jpeg,800,491,leash,662,431,714,450
0301.jpeg,800,491,leash,512,402,658,434
0301.jpeg,800,491,leash,507,379,577,390
0301.jpeg,800,491,leash,421,389,596,400
0302.jpeg,275,183,dog,110,32,169,156
0304.jpeg,1920,1124,dog,759,625,895,847
0304.jpeg,1920,1124,leash,814,492,1032,653
0306.jpeg,100,100,leash,1,1,59,80
0306.jpeg,100,100,dog,8,31,100,79
0307.jpeg,1280,627,dog,200,317,585,616
0307.jpeg,1280,627,leash,386,211,938,386
0308.jpeg,500,500,leash,339,168,500,259
0308.jpeg,500,500,dog,125,12,489,500
0309.jpeg,275,183,dog,164,105,224,148
0309.jpeg,275,183,dog,41,118,85,168
0309.jpeg,275,183,leash,119,84,198,113
0309.jpeg,275,183,leash,70,109,105,125
0310.jpeg,293,172,leash,87,89,125,109
0310.jpeg,293,172,leash,127,76,168,109
0310.jpeg,293,172,dog,80,109,98,142
0310.jpeg,293,172,dog,161,109,177,143
0311.jpeg,275,183,dog,155,146,168,172
0311.jpeg,275,183,leash,133,110,158,148
0313.jpeg,1050,600,leash,371,281,590,504
0313.jpeg,1050,600,dog,493,448,656,590
0314.jpeg,293,172,dog,135,97,186,126
0314.jpeg,293,172,dog,188,43,271,120
0315.jpeg,311,162,dog,94,31,220,119
0316.jpeg,311,162,dog,124,52,255,162
0316.jpeg,311,162,dog,121,1,212,55
0316.jpeg,311,162,dog,33,18,92,85
0318.jpeg,2560,1709,dog,1417,280,1949,1250
0318.jpeg,2560,1709,leash,1168,55,1610,618
0319.jpeg,275,183,dog,122,106,226,183
0319.jpeg,275,183,leash,149,99,172,120
0320.jpeg,275,183,leash,110,1,239,140
0320.jpeg,275,183,dog,11,77,163,140
0320.jpeg,275,183,dog,144,23,218,131
0321.jpeg,100,100,dog,28,41,71,88
0321.jpeg,100,100,leash,66,25,83,79
0322.jpeg,960,540,leash,457,1,505,141
0322.jpeg,960,540,dog,223,1,492,466
0324.jpeg,275,183,dog,44,58,142,152
0324.jpeg,275,183,leash,124,47,188,100
0325.jpeg,275,183,dog,204,65,275,183
0325.jpeg,275,183,dog,63,54,201,148
0325.jpeg,275,183,dog,1,8,93,135
0326.jpeg,275,183,dog,1,47,175,166
0327.jpeg,272,185,dog,58,120,76,130
0327.jpeg,272,185,dog,145,114,168,129
0328.jpeg,1800,1200,dog,206,679,466,1065
0328.jpeg,1800,1200,dog,502,686,614,826
0328.jpeg,1800,1200,dog,726,727,903,976
0328.jpeg,1800,1200,dog,784,736,1071,941
0328.jpeg,1800,1200,dog,890,693,1053,908
0328.jpeg,1800,1200,dog,1538,873,1743,1058
0328.jpeg,1800,1200,dog,1126,731,1567,1071
0328.jpeg,1800,1200,dog,1074,720,1519,1044
0328.jpeg,1800,1200,leash,570,667,652,809
0330.jpeg,243,207,dog,146,74,201,188
0330.jpeg,243,207,dog,131,56,185,169
0331.jpeg,278,181,dog,81,13,195,181
0332.jpeg,100,100,dog,37,13,53,42
0332.jpeg,100,100,dog,73,17,100,42
0332.jpeg,100,100,dog,1,22,15,44
0333.jpeg,100,100,dog,1,22,100,97
0333.jpeg,100,100,leash,14,1,74,21
0335.jpeg,696,522,dog,131,164,696,412
0335.jpeg,696,522,leash,81,1,401,398
0336.jpeg,225,225,leash,50,69,148,122
0336.jpeg,225,225,dog,26,86,76,212
0337.jpeg,225,225,dog,1,32,225,173
0337.jpeg,225,225,leash,68,107,119,225
0338.jpeg,4800,3200,leash,2782,1356,3228,1748
0338.jpeg,4800,3200,leash,1497,777,2154,1753
0338.jpeg,4800,3200,dog,1836,1639,2406,2504
0338.jpeg,4800,3200,dog,2199,1621,4057,2777
0339.jpeg,225,225,dog,143,58,203,207
0339.jpeg,225,225,leash,125,43,155,137
0340.jpeg,5312,2988,leash,1779,1340,2154,2067
0340.jpeg,5312,2988,dog,1524,1668,2182,2717
0341.jpeg,267,189,dog,63,116,102,177
0341.jpeg,267,189,dog,25,118,63,177
0341.jpeg,267,189,leash,48,79,67,120
0341.jpeg,267,189,leash,58,78,78,129
0342.jpeg,310,163,leash,103,92,118,125
0342.jpeg,310,163,dog,92,117,122,163
0343.jpeg,266,190,dog,228,129,258,143
0343.jpeg,266,190,dog,14,104,89,155
0343.jpeg,266,190,dog,164,118,193,143
0343.jpeg,266,190,leash,24,102,58,127
0343.jpeg,266,190,leash,164,102,181,119
0343.jpeg,266,190,leash,222,84,232,131
0344.jpeg,196,258,leash,81,110,111,167
0344.jpeg,196,258,dog,100,126,124,194
0345.jpeg,310,163,dog,155,128,169,150
0345.jpeg,310,163,dog,213,127,223,148
0345.jpeg,310,163,leash,169,114,184,138
0345.jpeg,310,163,leash,205,114,216,131
0346.jpeg,225,225,leash,152,78,225,118
0346.jpeg,225,225,dog,55,8,221,225
0347.jpeg,960,540,dog,618,254,960,435
0347.jpeg,960,540,dog,572,148,889,514
0347.jpeg,960,540,dog,90,218,215,378
0347.jpeg,960,540,dog,262,290,517,519
0347.jpeg,960,540,dog,423,224,532,478
0347.jpeg,960,540,leash,130,119,373,330
0347.jpeg,960,540,leash,341,121,424,322
0347.jpeg,960,540,leash,348,126,590,196
0347.jpeg,960,540,leash,516,130,593,251
0347.jpeg,960,540,leash,579,128,622,161
0348.jpeg,900,473,leash,468,1,876,456
0348.jpeg,900,473,dog,156,1,595,473
0349.jpeg,289,175,dog,122,46,228,172
0349.jpeg,289,175,dog,61,90,142,169
0349.jpeg,289,175,leash,173,12,289,65
0349.jpeg,289,175,leash,76,1,99,101
0350.jpeg,299,168,dog,40,133,77,163
0350.jpeg,299,168,dog,121,118,156,156
0350.jpeg,299,168,dog,187,95,225,158
0350.jpeg,299,168,dog,219,130,235,154
0351.jpeg,860,600,dog,352,296,519,418
0351.jpeg,860,600,dog,522,308,652,398
0351.jpeg,860,600,leash,738,245,793,322
0352.jpeg,335,151,dog,14,3,167,148
0353.jpeg,225,225,dog,61,99,128,225
0353.jpeg,225,225,dog,137,101,216,225
0353.jpeg,225,225,leash,62,8,98,126
0353.jpeg,225,225,leash,61,8,166,108
0354.jpeg,1000,667,leash,393,293,539,463
0354.jpeg,1000,667,dog,486,425,756,557
0354.jpeg,1000,667,dog,745,362,848,422
0354.jpeg,1000,667,dog,359,313,454,420
0354.jpeg,1000,667,dog,805,283,866,364
0354.jpeg,1000,667,dog,143,326,230,376
0354.jpeg,1000,667,leash,200,281,215,331
0354.jpeg,1000,667,leash,823,222,862,445
0356.jpeg,2500,1667,dog,1424,1,2500,1296
0356.jpeg,2500,1667,dog,851,433,1852,1484
0356.jpeg,2500,1667,dog,1,22,924,1169
0357.jpeg,225,225,dog,55,35,102,202
0357.jpeg,225,225,leash,85,55,138,115
0358.jpeg,223,106,leash,87,1,164,101
0358.jpeg,223,106,leash,57,1,93,103
0358.jpeg,223,106,dog,31,27,78,96
0358.jpeg,223,106,dog,140,32,207,103
0359.jpeg,1000,1053,dog,691,530,921,887
0359.jpeg,1000,1053,dog,343,695,598,996
0359.jpeg,1000,1053,leash,615,377,725,623
0359.jpeg,1000,1053,leash,329,409,484,773
0360.jpeg,308,163,dog,151,138,173,155
0360.jpeg,308,163,dog,241,121,259,136
0360.jpeg,308,163,dog,143,119,148,128
0360.jpeg,308,163,dog,50,114,72,128
0360.jpeg,308,163,dog,119,138,130,150
0361.jpeg,299,168,dog,143,72,188,167
0361.jpeg,299,168,dog,188,79,218,166
0361.jpeg,299,168,leash,174,77,192,95
0362.jpeg,1300,855,leash,493,377,883,541
0362.jpeg,1300,855,dog,379,471,547,743
0363.jpeg,1300,866,dog,633,532,771,709
0363.jpeg,1300,866,leash,769,498,1153,592
0365.jpeg,2500,1838,leash,411,70,884,945
0365.jpeg,2500,1838,dog,98,628,463,1197
0367.jpeg,224,224,dog,64,115,108,174
0367.jpeg,224,224,dog,104,88,145,170
0368.jpeg,1300,866,dog,486,470,623,734
0368.jpeg,1300,866,leash,551,334,614,567
0369.jpeg,240,152,dog,98,78,207,145
0369.jpeg,240,152,dog,43,6,161,136
0369.jpeg,240,152,dog,87,47,139,135
0370.jpeg,1300,1007,dog,112,759,247,954
0370.jpeg,1300,1007,dog,282,796,432,966
0370.jpeg,1300,1007,dog,587,825,705,914
0370.jpeg,1300,1007,dog,947,802,1012,933
0370.jpeg,1300,1007,dog,835,810,930,943
0370.jpeg,1300,1007,dog,667,798,826,961
0370.jpeg,1300,1007,leash,189,527,683,797
0370.jpeg,1300,1007,leash,372,528,721,829
0370.jpeg,1300,1007,leash,608,527,721,904
0370.jpeg,1300,1007,leash,670,531,848,840
0370.jpeg,1300,1007,leash,701,510,966,839
0371.jpeg,259,194,dog,54,3,149,194
0371.jpeg,259,194,dog,82,1,259,194
0374.jpeg,1600,900,dog,514,195,1084,780
0374.jpeg,1600,900,leash,776,1,989,316
0377.jpeg,332,152,dog,222,98,332,152
0377.jpeg,332,152,dog,181,24,211,81
0377.jpeg,332,152,dog,54,26,76,52
0377.jpeg,332,152,dog,91,140,133,152
0377.jpeg,332,152,leash,115,78,133,143
0377.jpeg,332,152,leash,217,96,228,141
0378.jpeg,259,194,leash,90,121,176,194
0378.jpeg,259,194,dog,50,105,117,177
0380.jpeg,299,169,dog,163,40,285,162
0380.jpeg,299,169,leash,1,1,167,65
0381.jpeg,775,515,leash,252,261,558,498
0381.jpeg,775,515,dog,212,104,499,515
0383.jpeg,183,276,dog,1,121,103,222
0384.jpeg,195,259,dog,93,137,105,176
0385.jpeg,276,183,dog,53,112,89,150
0385.jpeg,276,183,dog,160,123,180,163
0387.jpeg,259,194,dog,128,137,179,182
0387.jpeg,259,194,dog,219,90,254,134
0387.jpeg,259,194,dog,91,114,137,170
0387.jpeg,259,194,dog,51,149,80,193
0387.jpeg,259,194,dog,5,127,45,177
0387.jpeg,259,194,dog,120,71,138,86
0387.jpeg,259,194,dog,65,70,80,103
0388.jpeg,259,194,dog,62,91,191,171
0388.jpeg,259,194,leash,29,58,122,152
0392.jpeg,259,194,dog,108,115,196,194
0392.jpeg,259,194,leash,141,176,167,194
0393.jpeg,300,168,leash,144,1,157,44
0393.jpeg,300,168,dog,69,1,154,144
0395.jpeg,850,445,dog,155,63,539,439
0395.jpeg,850,445,leash,422,1,476,60
0397.jpeg,373,414,dog,12,8,310,383
0398.jpeg,308,164,dog,78,9,205,164
0398.jpeg,308,164,leash,139,1,244,38
0399.jpeg,2100,1400,leash,1207,1,1505,281
0399.jpeg,2100,1400,dog,644,58,1880,1380
0400.jpeg,1024,576,leash,130,176,187,288
0400.jpeg,1024,576,dog,60,287,185,550
0401.jpeg,225,225,dog,52,168,137,225
0401.jpeg,225,225,leash,75,118,112,174
0402.jpeg,225,225,dog,64,91,128,164
0403.jpeg,259,194,dog,102,101,130,156
0403.jpeg,259,194,leash,78,125,107,194
0404.jpeg,194,259,leash,124,1,177,62
0404.jpeg,194,259,dog,21,22,170,237
0407.jpeg,367,137,dog,162,67,206,127
0408.jpeg,100,100,dog,50,73,76,94
0408.jpeg,100,100,dog,30,59,53,89
0408.jpeg,100,100,dog,11,75,24,98
0408.jpeg,100,100,dog,90,47,100,71
0409.jpeg,318,159,dog,143,71,195,141
0409.jpeg,318,159,dog,229,68,286,107
0409.jpeg,318,159,dog,283,66,318,97
0409.jpeg,318,159,dog,252,59,277,78
0409.jpeg,318,159,dog,6,78,24,88
0409.jpeg,318,159,dog,112,67,131,94
0409.jpeg,318,159,dog,139,62,161,96
0410.jpeg,290,174,dog,231,130,252,161
0410.jpeg,290,174,dog,154,120,190,160
0410.jpeg,290,174,dog,35,130,67,167
0410.jpeg,290,174,leash,52,122,61,143
0410.jpeg,290,174,leash,158,107,165,122
0411.jpeg,308,164,leash,138,1,244,39
0411.jpeg,308,164,dog,77,10,202,163
0412.jpeg,500,500,dog,1,250,271,500
0412.jpeg,500,500,leash,217,94,405,305
0413.jpeg,100,100,leash,40,40,100,56
0413.jpeg,100,100,dog,1,25,50,93
0414.jpeg,318,159,dog,81,1,241,159
0414.jpeg,318,159,leash,1,90,140,118
0415.jpeg,368,137,leash,161,1,213,61
0415.jpeg,368,137,dog,71,5,169,135
0416.jpeg,225,225,leash,136,133,170,225
0416.jpeg,225,225,dog,83,59,153,202
0417.jpeg,104,225,dog,1,22,97,203
0417.jpeg,104,225,leash,1,76,97,180
0418.jpeg,209,242,dog,111,6,166,78
0418.jpeg,209,242,dog,85,71,197,229
0418.jpeg,209,242,dog,1,96,26,194
0418.jpeg,209,242,dog,48,115,107,182
0420.jpeg,297,170,dog,99,34,183,152
0420.jpeg,297,170,leash,170,1,194,36
0421.jpeg,326,155,dog,154,95,211,141
0421.jpeg,326,155,leash,179,69,265,106
0422.jpeg,276,183,dog,1,64,160,183
0422.jpeg,276,183,leash,1,50,45,84
0423.jpeg,276,183,leash,60,1,87,64
0423.jpeg,276,183,dog,25,1,192,183
0424.jpeg,600,600,dog,251,148,571,464
0424.jpeg,600,600,dog,225,178,293,248
0424.jpeg,600,600,leash,122,250,470,582
0424.jpeg,600,600,leash,194,209,337,558
0425.jpeg,391,129,dog,159,19,235,125
0428.jpeg,100,100,dog,55,53,100,96
0428.jpeg,100,100,dog,30,27,64,96
0428.jpeg,100,100,dog,1,8,44,97
0429.jpeg,302,167,dog,1,74,117,165
0429.jpeg,302,167,leash,1,75,33,101
0431.jpeg,264,191,dog,96,25,154,134
0432.jpeg,100,100,dog,54,44,87,99
0432.jpeg,100,100,dog,1,54,23,72
0435.jpeg,255,198,dog,13,23,177,185
0435.jpeg,255,198,leash,85,1,102,47
0436.jpeg,760,430,dog,210,1,760,430
0436.jpeg,760,430,leash,476,1,553,60
0437.jpeg,100,100,dog,54,26,87,90
0437.jpeg,100,100,leash,24,1,68,70
0439.jpeg,317,159,leash,136,74,143,101
0439.jpeg,317,159,leash,128,73,137,99
0439.jpeg,317,159,dog,121,100,136,141
0439.jpeg,317,159,dog,142,98,167,146
0440.jpeg,115,225,dog,46,81,110,198
0440.jpeg,115,225,leash,68,30,115,151
0441.jpeg,300,168,dog,183,70,261,138
0441.jpeg,300,168,dog,24,101,72,154
0442.jpeg,100,100,dog,6,1,81,100
0443.jpeg,300,168,dog,90,14,224,168
0444.jpeg,100,100,dog,33,26,100,91
0444.jpeg,100,100,dog,12,32,41,73
0444.jpeg,100,100,dog,89,3,100,16
0444.jpeg,100,100,dog,38,25,80,53
0446.jpeg,100,100,dog,1,17,80,97
0447.jpeg,155,186,dog,1,46,151,162
0447.jpeg,155,186,leash,46,30,81,71
0448.jpeg,1024,799,dog,50,173,534,780
0448.jpeg,1024,799,dog,449,52,873,576
0448.jpeg,1024,799,leash,1,266,219,437
0448.jpeg,1024,799,leash,1,99,402,290
0449.jpeg,300,168,dog,171,48,300,148
0449.jpeg,300,168,dog,29,7,144,168
0450.jpeg,300,168,dog,96,37,204,147
0450.jpeg,300,168,leash,146,1,184,60
0452.jpeg,300,168,dog,140,95,164,144
0453.jpeg,275,183,dog,60,76,108,148
0453.jpeg,275,183,dog,128,63,158,146
0454.jpeg,275,183,dog,180,138,192,157
0454.jpeg,275,183,dog,147,127,160,157
0454.jpeg,275,183,leash,160,105,200,131
0455.jpeg,275,183,dog,144,119,170,138
0456.jpeg,413,122,dog,25,90,55,122
0456.jpeg,413,122,dog,180,71,199,108
0456.jpeg,413,122,dog,256,63,286,96
0456.jpeg,413,122,dog,261,49,286,69
0456.jpeg,413,122,dog,111,73,147,115
0456.jpeg,413,122,dog,142,49,177,121
0458.jpeg,275,183,dog,207,84,254,148
0458.jpeg,275,183,dog,152,79,193,142
0458.jpeg,275,183,leash,11,6,160,88
0459.jpeg,300,168,leash,149,1,185,55
0459.jpeg,300,168,dog,96,37,203,145
0460.jpeg,900,428,dog,427,263,585,392
0460.jpeg,900,428,leash,495,196,724,288
0461.jpeg,275,183,dog,11,104,59,147
0461.jpeg,275,183,dog,178,114,246,143
0461.jpeg,275,183,dog,179,32,217,66
0461.jpeg,275,183,dog,104,111,141,148
0462.jpeg,275,183,dog,125,20,235,183
0463.jpeg,265,190,dog,140,50,212,156
0463.jpeg,265,190,leash,102,10,152,59
0464.jpeg,275,183,dog,67,65,94,82
0464.jpeg,275,183,dog,215,72,232,92
0465.jpeg,275,183,dog,244,144,275,169
0465.jpeg,275,183,dog,204,136,241,167
0465.jpeg,275,183,dog,143,127,209,164
0465.jpeg,275,183,dog,10,102,71,165
0465.jpeg,275,183,dog,1,128,38,167
0465.jpeg,275,183,dog,78,129,114,167
0465.jpeg,275,183,leash,2,84,98,127
0465.jpeg,275,183,leash,62,120,80,139
0465.jpeg,275,183,leash,96,94,109,133
0466.jpeg,183,275,dog,49,178,112,250
0467.jpeg,275,183,dog,155,1,275,143
0467.jpeg,275,183,dog,94,49,205,164
0467.jpeg,275,183,dog,1,6,103,129
0467.jpeg,275,183,dog,84,1,110,28
0468.jpeg,300,168,dog,75,55,197,168
0469.jpeg,293,172,dog,116,97,137,129
0469.jpeg,293,172,leash,126,72,161,98
0470.jpeg,275,183,leash,96,95,275,101
0470.jpeg,275,183,dog,82,82,132,120
0472.jpeg,900,599,dog,216,100,542,572
0472.jpeg,900,599,leash,384,7,763,211
0473.jpeg,293,172,dog,56,119,92,142
0473.jpeg,293,172,dog,139,98,168,142
0473.jpeg,293,172,leash,72,113,114,131
0474.jpeg,100,100,dog,5,74,38,94
0474.jpeg,100,100,leash,27,46,48,77
0475.jpeg,100,100,dog,22,19,98,88
0475.jpeg,100,100,leash,62,14,100,38
0477.jpeg,243,207,leash,40,4,243,122
0477.jpeg,243,207,dog,25,1,230,203
0478.jpeg,100,100,dog,22,28,62,89
0478.jpeg,100,100,dog,75,29,100,76
0478.jpeg,100,100,dog,11,31,28,72
0479.jpeg,275,183,dog,39,48,158,141
0479.jpeg,275,183,dog,1,63,58,129
0479.jpeg,275,183,dog,173,48,247,122
0479.jpeg,275,183,dog,164,57,239,125
0479.jpeg,275,183,dog,125,81,164,134
0480.jpeg,275,183,dog,117,97,140,139
0480.jpeg,275,183,dog,105,113,117,144
0480.jpeg,275,183,dog,91,112,105,140
0480.jpeg,275,183,dog,49,116,64,145
0480.jpeg,275,183,leash,56,91,73,124
0480.jpeg,275,183,leash,85,92,99,109
0480.jpeg,275,183,leash,89,95,96,112
0482.jpeg,1200,900,dog,239,688,371,896
0482.jpeg,1200,900,dog,22,584,214,815
0482.jpeg,1200,900,dog,1,468,74,736
0482.jpeg,1200,900,dog,421,528,631,791
0482.jpeg,1200,900,dog,603,633,831,843
0482.jpeg,1200,900,dog,1020,418,1181,621
0482.jpeg,1200,900,dog,308,341,371,483
0482.jpeg,1200,900,dog,558,325,638,402
0483.jpeg,228,221,dog,1,37,228,221
0483.jpeg,228,221,leash,57,1,120,77
0484.jpeg,708,280,leash,218,113,450,156
0484.jpeg,708,280,dog,42,195,94,242
0484.jpeg,708,280,dog,153,150,338,242
0485.jpeg,352,530,dog,1,229,201,429
0486.jpeg,310,163,leash,161,1,300,157
0486.jpeg,310,163,dog,55,1,207,163
0487.jpeg,228,221,dog,16,30,122,191
0487.jpeg,228,221,leash,66,179,186,209
0488.jpeg,1280,720,leash,381,314,587,459
0488.jpeg,1280,720,dog,309,1,960,720
0490.jpeg,275,183,dog,87,13,212,179
0490.jpeg,275,183,leash,98,1,137,81
0491.jpeg,600,399,dog,179,31,404,365
0491.jpeg,600,399,leash,179,1,278,146
0493.jpeg,221,228,dog,62,120,206,228
0493.jpeg,221,228,dog,13,95,100,202
0493.jpeg,221,228,leash,106,1,184,145
0493.jpeg,221,228,leash,54,1,185,117
0495.jpeg,600,600,leash,238,251,600,565
0495.jpeg,600,600,dog,105,45,300,375
0497.jpeg,800,800,leash,248,186,555,505
0497.jpeg,800,800,dog,62,398,290,743
0498.jpeg,338,149,dog,236,31,338,127
0498.jpeg,338,149,dog,174,42,241,136
0498.jpeg,338,149,dog,129,30,188,139
0498.jpeg,338,149,dog,53,23,134,129
0498.jpeg,338,149,dog,1,35,73,122
0498.jpeg,338,149,dog,295,61,338,115
0498.jpeg,338,149,leash,100,1,118,31
0498.jpeg,338,149,leash,78,1,99,23
0498.jpeg,338,149,leash,163,1,198,68
0498.jpeg,338,149,leash,224,1,290,44
0498.jpeg,338,149,leash,247,1,297,36
0500.jpeg,275,183,leash,100,57,158,113
0500.jpeg,275,183,dog,108,39,198,164
0501.jpeg,890,501,dog,47,209,525,437
0501.jpeg,890,501,dog,109,147,524,260
0501.jpeg,890,501,leash,15,1,335,239
0501.jpeg,890,501,leash,54,1,302,184
0502.jpeg,275,183,leash,51,1,147,79
0502.jpeg,275,183,dog,115,38,171,166
0503.jpeg,640,640,dog,273,250,481,462
0503.jpeg,640,640,dog,467,400,551,576
0504.jpeg,262,192,leash,181,1,211,88
0504.jpeg,262,192,leash,159,1,210,62
0504.jpeg,262,192,leash,92,1,193,75
0504.jpeg,262,192,dog,25,58,76,150
0504.jpeg,262,192,dog,69,60,111,145
0504.jpeg,262,192,dog,113,47,177,141
0504.jpeg,262,192,dog,125,76,237,156
0505.jpeg,600,400,leash,335,104,476,400
0505.jpeg,600,400,leash,95,228,162,400
0505.jpeg,600,400,dog,37,142,224,399
0505.jpeg,600,400,dog,406,6,600,254
0506.jpeg,243,207,leash,41,5,243,122
0506.jpeg,243,207,dog,25,1,229,201
0507.jpeg,675,380,leash,408,198,434,380
0507.jpeg,675,380,leash,211,258,234,380
0507.jpeg,675,380,dog,41,133,324,380
0507.jpeg,675,380,dog,346,101,471,336
0508.jpeg,270,186,leash,162,1,253,104
0508.jpeg,270,186,dog,25,19,217,177
0509.jpeg,1260,414,dog,180,17,695,378
0510.jpeg,100,100,dog,13,47,80,86
0510.jpeg,100,100,leash,1,52,44,78
0512.jpeg,100,100,dog,7,14,54,86
0512.jpeg,100,100,leash,29,80,82,94
0515.jpeg,900,619,leash,539,7,900,223
0515.jpeg,900,619,dog,278,115,756,544
0516.jpeg,100,100,leash,39,41,100,56
0516.jpeg,100,100,dog,1,25,50,93
0517.jpeg,6720,3853,leash,2291,1,4241,1898
0517.jpeg,6720,3853,dog,1514,1403,2823,3321
0518.jpeg,297,170,leash,139,38,173,96
0518.jpeg,297,170,dog,153,21,203,140
0519.jpeg,345,146,dog,10,4,325,146
0519.jpeg,345,146,leash,117,1,206,30
0521.jpeg,100,100,leash,29,1,48,45
0521.jpeg,100,100,dog,23,6,91,95
0522.jpeg,1300,956,dog,283,215,973,720
0522.jpeg,1300,956,leash,52,427,1211,733
0523.jpeg,100,100,dog,52,12,83,82
0523.jpeg,100,100,leash,45,22,65,57
0524.jpeg,710,686,leash,175,1,383,251
0524.jpeg,710,686,dog,1,117,710,669
0525.jpeg,100,67,dog,14,13,94,67
0525.jpeg,100,67,leash,5,14,58,31
0526.jpeg,845,450,dog,213,28,559,450
0526.jpeg,845,450,leash,379,1,673,105
0528.jpeg,958,638,dog,391,209,704,527
0528.jpeg,958,638,leash,139,1,493,366
0529.jpeg,100,100,leash,65,45,100,52
0529.jpeg,100,100,dog,11,4,69,91
0530.jpeg,474,480,dog,168,28,413,455
0530.jpeg,474,480,leash,96,119,331,406
0532.jpeg,1000,667,leash,63,105,251,329
0532.jpeg,1000,667,leash,210,113,631,389
0532.jpeg,1000,667,dog,163,185,415,654
0532.jpeg,1000,667,dog,445,230,908,662
0533.jpeg,225,225,dog,103,121,175,225
0533.jpeg,225,225,dog,42,82,99,185
0533.jpeg,225,225,leash,134,40,193,142
0533.jpeg,225,225,leash,84,40,191,112
0534.jpeg,760,430,leash,265,193,453,358
0534.jpeg,760,430,dog,409,93,597,346
0536.jpeg,960,540,dog,101,246,477,540
0536.jpeg,960,540,leash,364,8,579,473
0538.jpeg,640,480,leash,223,61,353,248
0538.jpeg,640,480,dog,91,166,361,400
0539.jpeg,225,151,leash,56,1,125,66
0539.jpeg,225,151,dog,42,32,195,142
0540.jpeg,1366,480,leash,1,226,496,352
0540.jpeg,1366,480,dog,319,25,904,480
0541.jpeg,680,384,dog,64,30,280,379
0541.jpeg,680,384,leash,73,1,114,78
0542.jpeg,380,432,leash,102,1,165,187
0542.jpeg,380,432,leash,102,1,278,180
0542.jpeg,380,432,leash,67,1,126,216
0542.jpeg,380,432,dog,12,204,136,419
0542.jpeg,380,432,dog,124,181,257,417
0542.jpeg,380,432,dog,232,180,364,415
0543.jpeg,225,225,dog,4,44,182,176
0543.jpeg,225,225,leash,12,1,112,80
0544.jpeg,1000,667,dog,294,59,624,595
0544.jpeg,1000,667,leash,196,224,697,635
0546.jpeg,1000,667,leash,1,48,444,323
0546.jpeg,1000,667,dog,170,256,631,540
0547.jpeg,395,128,dog,177,16,228,113
0547.jpeg,395,128,leash,216,1,229,20
0548.jpeg,4500,1770,dog,975,1085,1484,1620
0548.jpeg,4500,1770,leash,1184,985,2385,1358
0549.jpeg,225,225,leash,1,106,134,141
0549.jpeg,225,225,dog,20,102,200,225
0551.jpeg,225,225,leash,56,89,213,216
0551.jpeg,225,225,dog,11,7,137,193
0552.jpeg,189,150,dog,11,27,143,136
0552.jpeg,189,150,leash,81,1,187,129
0553.jpeg,275,183,leash,93,1,130,129
0553.jpeg,275,183,dog,59,32,137,163
0554.jpeg,300,200,dog,56,41,257,190
0554.jpeg,300,200,leash,75,1,168,90
0555.jpeg,225,166,leash,112,1,182,66
0555.jpeg,225,166,dog,24,18,212,162
0556.jpeg,300,300,dog,117,200,208,300
0556.jpeg,300,300,dog,139,117,297,194
0556.jpeg,300,300,leash,36,35,164,211
0556.jpeg,300,300,leash,36,33,253,137
0557.jpeg,275,183,leash,139,26,275,139
0557.jpeg,275,183,dog,1,3,145,183
0558.jpeg,1300,956,leash,899,2,1044,433
0558.jpeg,1300,956,leash,787,1,1044,302
0558.jpeg,1300,956,leash,368,1,943,392
0558.jpeg,1300,956,dog,122,292,374,750
0558.jpeg,1300,956,dog,334,298,546,720
0558.jpeg,1300,956,dog,560,236,874,699
0558.jpeg,1300,956,dog,634,380,1184,783
0561.jpeg,149,225,leash,100,124,142,220
0561.jpeg,149,225,dog,9,6,125,222
0562.jpeg,882,588,dog,250,210,594,549
0562.jpeg,882,588,leash,304,183,426,317
0563.jpeg,275,183,leash,167,49,200,144
0563.jpeg,275,183,dog,120,78,178,162
0565.jpeg,680,384,dog,372,90,646,369
0565.jpeg,680,384,leash,1,1,382,145
0568.jpeg,800,800,leash,233,352,757,776
0568.jpeg,800,800,dog,40,26,488,686
0570.jpeg,1024,767,dog,564,75,1014,654
0570.jpeg,1024,767,leash,762,1,916,198
0571.jpeg,299,169,leash,188,1,216,24
0571.jpeg,299,169,dog,84,1,299,169
0572.jpeg,990,419,dog,30,12,933,418
0572.jpeg,990,419,leash,339,1,591,86
0573.jpeg,326,155,dog,155,95,212,141
0573.jpeg,326,155,leash,181,71,265,105
0574.jpeg,637,421,leash,402,152,637,243
0574.jpeg,637,421,dog,281,154,504,374
0575.jpeg,255,198,leash,169,35,255,114
0575.jpeg,255,198,dog,5,35,255,198
0576.jpeg,720,318,dog,1,74,152,261
0576.jpeg,720,318,dog,115,50,286,276
0576.jpeg,720,318,dog,279,63,399,296
0576.jpeg,720,318,dog,370,90,513,288
0576.jpeg,720,318,dog,502,65,720,272
0576.jpeg,720,318,leash,165,1,210,49
0576.jpeg,720,318,leash,214,1,252,63
0576.jpeg,720,318,leash,352,1,421,144
0576.jpeg,720,318,leash,476,1,615,92
0576.jpeg,720,318,leash,526,1,631,77
0576.jpeg,720,318,dog,630,94,720,242
0577.jpeg,136,84,leash,55,11,113,59
0577.jpeg,136,84,dog,8,16,64,79
0578.jpeg,800,798,dog,370,68,781,798
0578.jpeg,800,798,dog,1,70,327,798
0578.jpeg,800,798,leash,54,394,176,798
0578.jpeg,800,798,leash,588,383,799,514
0579.jpeg,321,157,leash,93,52,235,97
0579.jpeg,321,157,dog,51,78,146,153
0581.jpeg,100,100,leash,38,59,50,100
0581.jpeg,100,100,dog,1,1,100,100
0583.jpeg,100,100,dog,53,26,87,91
0583.jpeg,100,100,leash,25,1,69,70
0584.jpeg,594,360,dog,126,185,290,346
0584.jpeg,594,360,dog,248,95,467,352
0584.jpeg,594,360,leash,157,1,199,212
0584.jpeg,594,360,leash,364,26,594,131
0585.jpeg,254,198,leash,1,66,54,108
0585.jpeg,254,198,leash,1,24,99,71
0585.jpeg,254,198,dog,10,44,131,194
0585.jpeg,254,198,dog,111,13,213,142
0587.jpeg,275,183,leash,153,42,220,182
0587.jpeg,275,183,leash,43,105,72,183
0587.jpeg,275,183,dog,17,65,102,183
0587.jpeg,275,183,dog,185,3,275,113
0588.jpeg,680,384,dog,373,91,645,369
0588.jpeg,680,384,leash,1,1,380,145
0592.jpeg,225,225,dog,28,131,169,220
0592.jpeg,225,225,leash,68,111,112,158
0592.jpeg,225,225,leash,116,58,151,105
0592.jpeg,225,225,dog,28,21,82,103
0592.jpeg,225,225,dog,128,20,182,104
0593.jpeg,460,345,dog,106,176,292,255
0593.jpeg,460,345,dog,57,223,152,338
0594.jpeg,262,192,dog,10,65,49,125
0594.jpeg,262,192,leash,43,8,95,99
0595.jpeg,600,600,leash,86,78,600,217
0595.jpeg,600,600,dog,1,114,542,547
0596.jpeg,299,169,dog,29,12,123,169
0596.jpeg,299,169,leash,32,1,49,35
0597.jpeg,1366,480,leash,423,1,476,249
0597.jpeg,1366,480,dog,418,249,545,427
0598.jpeg,226,223,dog,7,13,221,181
0598.jpeg,226,223,leash,101,67,179,186
0599.jpeg,640,464,leash,274,1,505,384
0599.jpeg,640,464,dog,70,96,404,409
0600.jpeg,301,167,dog,97,52,208,167
0600.jpeg,301,167,leash,74,22,155,80
0601.jpeg,452,427,leash,1,154,310,282
0601.jpeg,452,427,leash,1,106,167,274
0601.jpeg,452,427,dog,158,51,386,347
0601.jpeg,452,427,dog,9,20,248,332
0602.jpeg,264,191,dog,92,78,170,145
0602.jpeg,264,191,leash,98,81,148,99
0603.jpeg,976,549,leash,518,1,749,246
0603.jpeg,976,549,dog,79,9,976,549
0606.jpeg,210,240,dog,1,3,177,240
0606.jpeg,210,240,leash,154,153,210,201
0607.jpeg,500,500,leash,111,145,467,424
0607.jpeg,500,500,dog,1,285,145,500
0608.jpeg,225,225,dog,14,125,54,218
0608.jpeg,225,225,leash,48,148,166,163
0609.jpeg,901,600,dog,147,188,462,506
0609.jpeg,901,600,leash,402,148,652,321
0610.jpeg,275,183,dog,115,38,172,166
0610.jpeg,275,183,leash,51,3,146,79
0611.jpeg,640,481,dog,160,49,451,478
0611.jpeg,640,481,leash,210,1,298,152
0612.jpeg,850,540,leash,363,276,640,380
0612.jpeg,850,540,dog,485,358,743,465
0613.jpeg,436,374,leash,1,9,243,140
0613.jpeg,436,374,dog,28,57,409,366
0614.jpeg,225,225,dog,134,128,224,183
0614.jpeg,225,225,leash,92,113,189,155
0615.jpeg,650,505,leash,398,90,650,305
0615.jpeg,650,505,dog,13,91,650,505
0616.jpeg,183,275,dog,2,48,183,275
0617.jpeg,1021,580,dog,356,26,950,551
0617.jpeg,1021,580,leash,614,1,866,107
0618.jpeg,299,168,leash,149,1,184,60
0618.jpeg,299,168,dog,96,36,204,147
0619.jpeg,600,600,dog,238,373,451,589
0619.jpeg,600,600,leash,170,251,240,445
0620.jpeg,259,194,leash,36,1,171,57
0620.jpeg,259,194,dog,128,6,254,190
0620.jpeg,259,194,leash,11,108,119,177
0621.jpeg,1200,630,leash,801,1,1174,247
0621.jpeg,1200,630,dog,601,216,902,616
0622.jpeg,286,176,leash,1,93,91,112
0622.jpeg,286,176,dog,1,1,231,176
0623.jpeg,466,399,leash,377,303,463,361
0623.jpeg,466,399,leash,147,1,244,118
0623.jpeg,466,399,dog,5,42,455,392
0624.jpeg,100,100,dog,54,26,88,90
0624.jpeg,100,100,leash,24,1,69,70
0625.jpeg,466,468,leash,329,22,464,364
0625.jpeg,466,468,leash,78,19,464,286
0625.jpeg,466,468,dog,1,217,133,449
0625.jpeg,466,468,dog,279,299,404,464
0626.jpeg,299,168,leash,180,87,192,168
0626.jpeg,299,168,leash,95,114,104,168
0626.jpeg,299,168,dog,24,61,144,168
0626.jpeg,299,168,dog,154,44,209,148
0627.jpeg,1100,1100,leash,469,560,1100,843
0627.jpeg,1100,1100,dog,61,210,699,1053
0629.jpeg,270,320,leash,85,54,139,122
0629.jpeg,270,320,dog,1,78,260,277
0630.jpeg,259,194,dog,53,65,259,153
0630.jpeg,259,194,leash,26,1,149,147
